label,chain_id,residue_id,residue_name,residue_full_name,distance_to_ligand,secondary_structure,physicochemical_type,charge,polarity,size,aromatic,sulfur,hydroxyl,amide,acidic,basic,binding_potential,distance_class,shell
SER198R (Serine),R,198,SER,Serine,2.56,Coil,polar,neutral,polar,small,False,False,True,False,False,False,high_hbond,direct_contact,first
ASP103R (Aspartic acid),R,103,ASP,Aspartic acid,3.04,Coil,acidic,negative,polar,medium,False,False,False,False,True,False,high_ionic,direct_contact,first
SER108R (Serine),R,108,SER,Serine,3.23,Coil,polar,neutral,polar,small,False,False,True,False,False,False,high_hbond,direct_contact,first
SER107R (Serine),R,107,SER,Serine,3.24,Coil,polar,neutral,polar,small,False,False,True,False,False,False,high_hbond,direct_contact,first
PHE268R (Phenylalanine),R,268,PHE,Phenylalanine,3.28,Coil,hydrophobic,neutral,nonpolar,large,True,False,False,False,False,False,high_aromatic,direct_contact,first
THR100R (Threonine),R,100,THR,Threonine,3.37,Coil,polar,neutral,polar,medium,False,False,True,False,False,False,high_hbond,direct_contact,first
PHE186R (Phenylalanine),R,186,PHE,Phenylalanine,3.38,Coil,hydrophobic,neutral,nonpolar,large,True,False,False,False,False,False,high_aromatic,direct_contact,first
ARG83R (Arginine),R,83,ARG,Arginine,3.44,Coil,basic,positive,polar,large,False,False,False,False,False,True,high_ionic,direct_contact,first
THR194R (Threonine),R,194,THR,Threonine,3.46,Coil,polar,neutral,polar,medium,False,False,True,False,False,False,high_hbond,direct_contact,first
ILE104R (Isoleucine),R,104,ILE,Isoleucine,3.49,Coil,hydrophobic,neutral,nonpolar,large,False,False,False,False,False,False,high_van_der_waals,direct_contact,first
TRP264R (Tryptophan),R,264,TRP,Tryptophan,3.5,Coil,hydrophobic,neutral,nonpolar,large,True,False,False,False,False,False,high_aromatic,direct_contact,first
VAL184R (Valine),R,184,VAL,Valine,3.51,Coil,hydrophobic,neutral,nonpolar,medium,False,False,False,False,False,False,high_van_der_waals,direct_contact,first
ILE290R (Isoleucine),R,290,ILE,Isoleucine,3.53,Coil,hydrophobic,neutral,nonpolar,large,False,False,False,False,False,False,high_van_der_waals,direct_contact,first
SER183R (Serine),R,183,SER,Serine,3.56,Coil,polar,neutral,polar,small,False,False,True,False,False,False,high_hbond,direct_contact,first
PHE267R (Phenylalanine),R,267,PHE,Phenylalanine,3.61,Coil,hydrophobic,neutral,nonpolar,large,True,False,False,False,False,False,high_aromatic,direct_contact,first
TYR294R (Tyrosine),R,294,TYR,Tyrosine,3.87,Coil,polar,neutral,polar,large,True,False,True,False,False,False,high_aromatic,direct_contact,first
ASN286R (Asparagine),R,286,ASN,Asparagine,3.9,Coil,polar,neutral,polar,medium,False,False,False,True,False,False,high_hbond,direct_contact,first
HIS99R (Histidine),R,99,HIS,Histidine,4.42,Coil,basic,positive,polar,medium,True,False,False,False,False,True,medium_interaction,secondary_shell,second
ILE111R (Isoleucine),R,111,ILE,Isoleucine,4.57,Coil,hydrophobic,neutral,nonpolar,large,False,False,False,False,False,False,low_interaction,secondary_shell,second
ASP287R (Aspartic acid),R,287,ASP,Aspartic acid,4.58,Coil,acidic,negative,polar,medium,False,False,False,False,True,False,medium_interaction,secondary_shell,second
PHE154R (Phenylalanine),R,154,PHE,Phenylalanine,4.69,Coil,hydrophobic,neutral,nonpolar,large,True,False,False,False,False,False,medium_interaction,secondary_shell,second
SER80R (Serine),R,80,SER,Serine,4.91,Coil,polar,neutral,polar,small,False,False,True,False,False,False,low_interaction,secondary_shell,second
CYS182R (Cysteine),R,182,CYS,Cysteine,4.95,Coil,polar,neutral,polar,small,False,True,False,False,False,False,low_interaction,secondary_shell,second
PHE195R (Phenylalanine),R,195,PHE,Phenylalanine,5.4,Coil,hydrophobic,neutral,nonpolar,large,True,False,False,False,False,False,medium_interaction,secondary_shell,second
GLY293R (Glycine),R,293,GLY,Glycine,5.43,Coil,hydrophobic,neutral,nonpolar,small,False,False,False,False,False,False,low_interaction,secondary_shell,second
THR271R (Threonine),R,271,THR,Threonine,5.48,Coil,polar,neutral,polar,medium,False,False,True,False,False,False,low_interaction,secondary_shell,second
PHE199R (Phenylalanine),R,199,PHE,Phenylalanine,5.62,Coil,hydrophobic,neutral,nonpolar,large,True,False,False,False,False,False,medium_interaction,secondary_shell,second
CYS96R (Cysteine),R,96,CYS,Cysteine,5.89,Coil,polar,neutral,polar,small,False,True,False,False,False,False,low_interaction,secondary_shell,second
LEU289R (Leucine),R,289,LEU,Leucine,5.98,Coil,hydrophobic,neutral,nonpolar,large,False,False,False,False,False,False,low_interaction,secondary_shell,second
